title,price,sold_out
HHKB Professional JP Type-S 英語配列/白,27500,False
HHKB Professional JP Type-S 日本語配列/白,27500,True
HHKB Professional HYBRID Type-S 無刻印/墨,28000,True
HHKB Professional 2 Type-S US配列,22800,False
HHKB Professional HYBRID Type-S 日本語配列／墨,30000,True
HHKB pro2 type-s (墨 刻印あり キーキャップ セット),20280,True
PFU HHKB JP Type-S 白,22320,True
HHKB Professional HYBRID Type-S 墨 英語配列,34500,True
DESKEYS - DES TOPRE SILENCING RINGS #02,2800,False
HHKB Professional2 Type-S 白（英語配列）,23000,False
HHKB Professional2 Type-S,15000,True
HHKB Professional2 Type-S 白 (英語配列) キーボード,24500,False
【美品】HHKB Professional HYBRID Type-S 英語配列,38000,False
HHKB Hybrid 英語配列/墨(無刻印) 刻印ありキートップセット！,28500,True
PFU HHKB Professional2 Type-S 白／無刻印 英語配列,16980,True
HHKB Professional HYBRID Type-S 英語配列／白,34444,True
HHKB Professional HYBRID Type-S 日本語＋ケース,33800,True
【純正キーボードカバー付】HHKB HYBRID Type-S 英字配列無刻印,33100,True
PFU HHKB Professional US配列　静音化（Type-S化）,14000,True
【Book Manさん専用】HHKB HYBRID Type-S 英語配列/白他,33000,True
HHKB Professional HYBRID Type-S 墨 US配列,35000,True
PFU HHKB Pro2 Type-S 英語配列/白 PD-KB400WS,20000,False
HHKB Professional HYBRID Type-S US 白 無刻印,28700,True
HHKB ProfessionalHYBRIDType-S無刻印／墨 英語配列,29800,True
HHKB professional HYBRID Type-S 墨,23000,True
HHKB professional HYBRID Type-S 日本語配列/白,32000,True
HHKB Professional Hybrid Type-s,30000,True
HHKB Professional 2 Type-S,10000,True
Happy Hacking Keyboard Type-S,18000,True
HHKB Professional HYBRID Type-S ※付属品変更,36500,True
HHKB Professional2 Type-S 白 英語配列 オマケ多数,23500,True
【純正キーボードカバー付】HHKB HYBRID Type-S 英字配列,33980,True
HHKB Professional2 Type-S 英語配列 PFU 無刻印　白,15000,True
HHKB キーキャップ キートップセット 白無刻印 英語配列 keycap,3150,True
美品 HHKB Type-S 40周年記念パームレスト付きセット,32800,True
PFU HHKB Pro HYBRID type-s 墨 日本語配列キーボード,32000,True
HHKB Professional HYBRID Type-S 日本語配列／白,29800,True
HHKB Professionalシリーズ 英語配列 刻印あり キートップ 墨,3000,True
PFU HHKB Professional HYBRID Type-S,28000,True
ほぼ未使用◾️HHKB Professional HYBRID 英語配列／白,26000,True
realforce PFU Limited Edition 日本語配列/ブラック,25000,True
keyboard HHKB Professional JP Type-S,20800,True
HHKB Professional JP Type-S 日本語配列/白,13000,True
HHKB Professional2 Type-S 白／無刻印（英語配列）,14000,True
HHKB Professional2 Type-S 白／無刻印（英語配列）,13500,True
HHKB Professional HYBRID Type-S 英語配列 墨,33000,True
HHKB Professional HYBRID Type-S 日本語配列／墨,32500,True
HHKB カラーキートップセット PD-KB400KT01,1500,True
HHKB Professional HYBRID Type-S 英語配列／墨,29800,True
HHKB Professional BT 墨 英語配列 新同！,21980,True
HHKB Professional HYBRID 英語配列／墨,25650,True
HHKB pd-kb420WS Professional JP Type-S,17600,True
HHKB Professional HYBRID Type-S 日本語配列／白,31500,True
hhkb professional2 type s 英字配列 無刻印,13800,True
HHKB Professional HYBRID Type-S US配列/墨,26000,True
●PFU HHKB HYBRID Type-S 日本語／白 PD-KB820WS,31000,True
HHKB Professional JP Type-S 日本語,18000,True
Happy Hacking Keyboard pro type-s 英語配列,18000,True
Realforce PFU limited PZ-R2TLSA-US4-BK,26380,True
◆値下進行中◆箱のみ◆HHKB Pro HYBRID Type-S日本語配列/墨,1000,True
HHKB Professional JP Type-S PD-KB420WS,19800,True
HHKB professional hybrid type-s,30000,True
AKEEYO NiZ 静電容量無接点 キーボード ATOM66,16000,True
Happy Hacking keyboard HHKB JP Type-S,21000,True
REALFORCE キーボード R2 PZ-R2TLSA-JP4-BK,28000,True
HHKB Professional2 キートップ変更 箱アリ,10000,True
REALFORCE PZ-R2TLSA-US4-BK 【使用期間１ヶ月】,26000,True
HHKB Professional JP Type-S 白 清掃済 1年未満美品,20000,True
【極美品】HHKB Professional JP Type-S 白,25000,True
HHKB Professional HYBRID Type-S 英語配列／白,32800,True
Happy Hacking Keyboard Pro2 Type-S,21000,True
HHKB Professional HYBRID Type-S 英語配列／墨,32000,True
HHKB Professional HYBRID Type-S US配列/墨,27000,True
HHKB Happy Hacking Keyboard カラーキートップセット,2200,True
HHKB Pro2 type-s US配列 無刻印/白 カスタム 吸振マット付,13000,True
HHKB Professional HYBRID Type-S 無刻印 US配列,25000,True
HHKB Professional 2 Type-S,21000,True
（難あり）HappyHackingKeyboardProfessional JP,3099,True
HHKB Professional HYBRID Type-S 英語配列／墨,30000,True
PFU HHKB Pro HYBRID Type-S 日本語配列／白,33800,True
HHKBキーボード　HYBRYD type-s,32000,True
HHKB Professional 2 Type-S PD-KB400WS,17000,True
PFU HHKB Pro HYBRID Type-S 日本語配列／墨,34000,True
HHKB TYPE-S US配列　静音 キートップセット,23000,True
HHKB Professional2 Type-S,13000,True
HHKB Professional 2 Type-S 白,14000,True
HHKB Professional2 Type-S 白 PD-KB400WS,14999,True
HHKB Professional HYBRID Type-S 英語配列／墨,30000,True
HHKB Profesional2 Type-S 白／無刻印 US,17500,True
k 断捨離男爵様専用　HHKB,32500,True
hhkb professional hybrid type-s 無刻印,26000,True
HHKB BT Professional Hybrid 日本語配列 墨,33000,True
HHKB Professional JP Type-S,15600,True
HHKB Professinal 英語配列／無刻印＋パームレスト＋ハードケース,11111,True
HHKB Pro2 type-s の基盤,2600,False
HHKB ケーブル付き,22900,False
HHKB Professional HYBRID 日本語配列/白,26000,True
東プレ REALFORCE R2SA-US4-BK ブラック US配列,27500,True
ワイヤレスキーボードHHKB,26000,True
HHKB Professional BT 英語配列モデル PD-KB600B 墨,20980,True
HHKB Pro JP 墨 PD-KB420B【静音化改造済】,18000,True
HHKB BT 墨 無刻印 US 英語配列,19600,False
HHKB ハッピーハッキングキーボード,31500,True
HHKB BT 墨 無刻印 US 英語配列,19700,False
Samsung T5 500GB USB 3.1 Gen 2 ブルー,7500,True
PFU HHKB Professional 2 英語配列,23000,False
HHKB ハッピーハッキングキーボード,31800,True
静音仕様 HHKB Professional 2 キーボード US配列,19800,False
HHKB Professional HYBRID Type-S 英字/墨,28000,True
HHKB Professional2 Type-S US,15000,True
HappyHackingKeyboard Professional HYBRID,27999,True
HHKB Professional HYBRID Type-S US,55000,False
HHKB Professional2 Type-S 白 PD-KB400WS,15000,True
HHKB Professional JP Type-S PD-KB420WS,17500,True
Happy Hacking Keyboard Professional2 無刻印,10500,True
Pd-kb420ws pfu hhkb type s 白日本語 happy 新品,27980,True
HHKB Type-S 英　日　あると様専用,67000,True
HHKB Professional HYBRID Type-S 英語配列／墨　①,34000,True
HHKB Professional HYBRID Type-S 墨 US配列,32000,True
【DIY】HHKB パームレスト ヒノキ 無塗装,900,True
[Yuji様用] HHKB Professional HYBRID Type-S,31000,True
【オプション付】 HHKB Type-S （日本語配列）,20000,True
HHKB Professional HYBRID Type-S,33500,True
PFU Happy Hacking Keyboard Type-S 白 無刻印,15000,True
HHKB Professional HYBRID 日本語配列 白,25000,True
HHKB Professional HYBRID Type-S,33500,True
Realforce PFU limited PZ-R2TLSA-US4-BK,25000,True
HHKB パームレスト 檜 無塗装,1000,True
PFU HHKB Professional2 Type-S 英語配列/白,20000,True
【ほぼ新品】HHKB Professional HYBRID Type-S,33500,True
ハッピーハッキングキーボード　プロフェッショナル2 type S 白,22800,True
PFU HHKB professional hybrid type-s 墨,29800,True
HHKB Professional HYBRID Type-S 日本語／墨,35500,True
myu様専用 パームレスト,1100,True
HHKB Professional2 Type-S 白/無刻印(英語配列),17500,True
HHKB パームレスト 檜 無塗装,1000,True
HHKB Professional HYBRID Type-S 日本語配列 墨,33050,True
HHKB パームレスト 檜 無塗装,1000,True
HHKB パームレスト 檜 無塗装,1100,True
HHKB パームレスト 檜 無塗装,1000,True
HHKB パームレスト 檜 無塗装,1000,True
HHKB Profession HYBRID Type-S 英語配列　墨（黒）,25000,True
HHKB Professional HYBRID Type-S 英語配列,31500,True
新品　HHKB 　Mr.Kaz様専用,33500,True
Realforce 86UB 静電容量式USBキーボード,10000,True
NIZ ATOM66 bluetooth RGBバックライト 正規品 保証残,20000,True
PFU HHKB Professional Type-S 英字,15800,True
HHKB Professional HYBRID Type-S 日本語,30000,True
HHKB本体 + 交換用キーキャップ + 尊師スタイル用ケーブル他,20000,True
HHKB Professional HYBRID Type-S 日本語配列／墨,34499,True
PFU HHKB Professional2 Type-S 白 英語配列,20000,True
HHKB Professional JP Type-S 白,16500,True
HHKB Professional HYBRID Type-S 日本語配列,30000,True
HHKB Professional 2 Type-S 英語配列　キーボード,23000,False
HHKB HYBRID Type-S 英語配列／墨（吸振マット付）,35000,True
PFU HHKB Professional HYBRID Type-S,34000,True
HHKB Type-S Happy Hacking Keyboard,17800,True
HHKB professional HYBRID type-S 日本語配列,31500,True
HHKB Professional HYBRID Type-S 英語配列／墨,30420,True
HHKB Professional HYBRID Type-S 墨 日本語配列,31000,True
PFU HHKB Professional2 Type-S 白 英語 使用極少,23000,True
HHKB パームレスト 檜 無塗装,1000,True
【予約済】PFU HHKB Professional 2 Type-S 英語配列,18000,True
HHKB Professional JP Type-S,21000,True
HHKB Pro2 Type-S 白 刻印/無刻印両キーキャップ付 US配列,18000,True
HHKB type-s 有線タイプ　キーボードルーフ付き　箱無し,16000,True
HHKB パームレスト 檜 無塗装,1000,True
HHKB パームレスト 檜 無塗装,1100,True
MacBookPro 16【Core i9 メモリ32GB SSD1TB】,330000,True
HHKB professional JP TYPE S 白色（日本語配列）,16000,True
HHKB Professional HYBRID Type-S 英語配列／墨,35000,True
HHKB Professional HYBRID Type-S 英語配列 墨,29800,True
HHKB Professional HYBRID Type-S 日本語/墨,29800,True
HHKB Professional HYBRID Type-S 英語配列／墨,31000,True
HHKB Professional 2 Type-S ホワイト US配列,18000,True
HHKB Professional2 Type-S 英語配列/白,22000,True
HHKB Professional HYBRID Type-S 英語配列／墨,38500,True
PFU HHKB Professional 2 Type-S (英語配列),19800,True
hhkb professional hybrid type-s,32600,True
HHKB Professional BT 日本語配列 墨,19000,True
PFU HHKB Professional2 type-S,21700,True
HHKB Professional BT USキーボード 無刻印 静音化済み,18000,True
HHKB Professional 2 Type-S,20500,True
HHKB Professional HYBRID Type-S 日本語配列／墨,31000,True
PFU HHKB Professional2 Type-S 英語配列/白,23500,True
HHKB HYBRID Type-S スマートケース2付,35000,True
PFU HHKB Professional HYBRID Type-S,34400,True
HHKB Professional2 Type-s 英語,20000,True
HHKB Hybrid Type-S,33000,True
PFU HHKB Professional HYBRID Type-S,34000,True
HHKB Professional Type-S 英語配列,18000,True
HHKB Professional Type-S 英語配列,18000,True
HHKB Professional HYBRID Type-S 英語配列／墨,32000,True
HHKB Professional HYBRID Type-S 日本語配列／墨,32000,True
HHKB Professional HYBRID Type-S 日本語配列／墨,32999,True
HHKB Professional HYBRID Type-S 英語配列／白,31000,True
HHKB Professional BT 日本語配列【静音改造】,15800,True
HHKB Professional BT 無刻印 墨,14800,True
PFU HHKB Professional2 Type-S 白/無刻印(英),15300,True
HHKB Professional HYBRID Type-S 日本語配列／白,30500,True
HHKB Professional HYBRID Type-S 英語配列,32000,True
HHKB Professional2 Type-S 白／無刻印 （英語配列）,29800,True
HHKB Professional2 Type-S(英語配列),20000,True
PFU HHKB Professional HYBRID Type-S,35000,True
Happy Hacking Keyboard Professional BT,18000,True
HHKB Professional2 Type-S 白／無刻印（英語配列）,24000,True
HHKB Professional JP キートップセット日本語 黒 刻印あり,2800,True
HHKB professional 2 Type-S,12000,True
HHKB Professional HYBRID Type-S 英語配列,32000,True
HHKB Professional HYBRID Type-S 英語配列／白,26500,True
【極美品】HHKB professional BT,18000,True
HHKB professional HYBRID type-S / US,30700,True
PFU HHKB Professional2 Type-S(US配列、白、刻印有,17000,True
HHKB Professional JP Type-S,19500,True
HHKB Pro2 type-s US配列 無刻印/白 カスタム 吸振マット付,14900,True
【値下げ】HHKB Professional JP Type-S 日本語配列,18000,True
HHKB Professionalシリーズ 日本語配列キートップ 黒 新品未使用,4000,True
HHKB Professional HYBRID Type-S 英語配列／墨,31500,True
東プレPFU HHKB Professional2 Type-S,23500,True
HHKB Professional JP,20000,True
HHKB Professional HYBRID Type-S 英語配列／墨,29000,True
HHKB Hybrid Type-S US配列 + キーボードルーフ,32000,True
HHKB Professional HYBRID TYPE-S 英語配列／墨,31000,True
HHKB Professional Type-S 英語配列,20000,True
HHKB Professional BT 英語配列/墨 PD−KB600B,16800,True
HHKB Professional HYBRID Type-S 日本語配列/白,31000,True
【ほぼ未使用】HHKB Professional HYBRID Type-S,33000,True
PFU HHKB Professional HYBRID Type-S,31000,True
AKEEYO NiZ 静電容量無接点方式キーボード 84キー 新品,15000,True
LEOPOLD FC660C/EG 加工品,12000,True
PFU HHKB Pro HYBRID type-S US 刻印あり 墨,30000,True
【新品未使用品】HHKB Pro2 Type-S 白 英語配列 無刻印,22000,True
HHKBキートップセット(白英語配列無刻印),3500,True
【美品】HHKB Professional JP type-s,19800,True
[新品・未使用] HHKBキーボードルーフ（クリア）,3500,True
HHKB Professional HYBRID Type-S 英語配列／白,33000,True
Hhkb p2 type-s masaorim様専用,17500,True
HHKB Professional JP Type-S 白（日本語配列）,13320,True
PFU HHKB Professional2 Type-S　静音モデル,20800,True
PFU HHKB Professional JP Type-S 日本語配列/白,20000,True
PFU HHKB HYBRID Type-S 英語配列 美品,25000,True
PFU HHKB Professional2 Type-S 英語配列,16450,True
PD-KB400B : HHKB Professional2 US配列（重量化）,13600,True
2017年製 HHKB Professional2 US 白 PD-KB400W,14000,True
PFU HHKB Professional BT,17444,True
【静音化済・おまけつき】HHKB Professional 2英字配列・墨,15000,True
HHKB Professional HYBRID Type-S日本語配列＋おまけ,36000,True
PFU HHKB Professional 2 type-s us 白,18000,True
HHKB Hybrid Professional Type-S 日本語配列 墨,28000,True
値下げHHKB Professional BT 英字配列 墨 刻印あり,16000,True
HHKB Professional2 Type-S 白 英語US,16800,True
【新品】HHKB Professional 2 Type-S 無刻印 白,18500,True
キーボード HHKB Professional JP type-S,13900,True
HHKB Professional BT 英字刻印・墨モデル PD-KB600B,16000,True
【期間限定値下げ】PFU HHKB professional2 Type-S,25000,True
HHKB Professional HYBRID Type-S 日本語配列／墨,33000,True
HHKB Professinal2 Type-S US配列,16800,True
REALFORCE R2 「PFU Limited Edition」キーボード,19800,True
HHKB 英語配列 白 刻印キートップのみ,3500,True
HHKB Professional BT 日本語配列(使用期間2ヶ月半)ケース付,22000,True
軸変更済み！　ワイヤレス自作キーボード,10999,True
Happy Hacking Keyboard HYBRID Type-S JP,36000,True
HHKB Professional2 Type-S US配列 無刻印,16500,True
NiZ 静電容量無接点方式キーボード８４キー,14000,True
たかたかさま専用HHKB Professional HYBRID Type-S,30000,True
HHKB Type-S Professional2（白、英語配列）,17500,True
HHKB Happy Hacking Keyboard HYBRID TypeS,31980,True
尊師スタイル HHKB Professional2 Type-S US 白無刻印,15000,True
【新品】HHKBキーボードルーフ （クリア）,3500,True
HHKB HYBRID TYPE-S US 無刻印 ＆ キーボードルーフ,28000,True
HHKB Professional JP Type-S 白 PD-KB420WS,14980,True
HHKB Professional JP Type-S 日本語配列 (白),16000,True
HHKB Pro2 Type-S 英語配列 白 無刻印 吸振マット付き,16000,True
HHKB Professional Type-s 日本語配置（白）,14500,True
HHKB Professional2（PD-KB400WNS）,19000,True
おまけ付きHHKB Professional HYBRID Type-S英語配列,36000,True
カラーキートップセット,1360,True
HHKB Pro 2 Type-S 白,17500,True
HHKB Professional Type-s 日本語配置（白）,18000,True
HHKB pro2 type-s US 白,16000,True
HHKB Pro2 Type-S US配列　無刻印,15000,True
HHKB Professional HYBRID Type-S （日本語、白）,36000,True
HHKB Professional Type-S US配列 白 無刻印,12980,True
HHKB Professional 2 Type-S 英字配列,20000,True
HHKB Professional HYBRID Type-S 日本語配列／白,36000,True
PFU HHKB HYBRID Type-S 無刻印／墨 PD-KB800BNS,28000,True
HHKB HYBRID PD-KB820W 日本語配列／白,24999,True
HHKB Professional HYBRID Type-S 英語配列／墨,32500,True
HHKB Professional Type-s 日本語配置,17000,True
HHKB Professional BT 日本語配列モデル(PD-KB620B),20000,True
【美品】HHKB Professional JP 墨 日本語配列,18000,True
HHKB Professional 2 Type-S 日本語配列,16000,True
HHKB Professional 2 日本語配列,14000,True
HHKB Professional HYBRID Type-S 無刻印 US,35000,True
HHKB TYPE-S 無刻印 US配列,13500,True
HHKB Professional HYBRID type-s 日本語配列／墨,23000,True
HHKB Professional 2 Type-S (静音) 無刻印・英語,20000,True
HHKB Professional HYBRID Type-S 無刻印墨英語配列,33800,True
HHKB Professional JP Type-S 日本語配列/白,17000,True
HHKB 互換　キートップ　type-s,1800,True
HHKB USキーボード　Professional 2 Type S,16980,True
HHKB キートップ キーキャップ　type-s,1800,True
HHKB用 キートップ（US配列・無刻印）,3800,True
新品 HHKB Professional キーボードルーフ ゆうパック送料無料,4280,True
HHKB 純正キートップセット 白無刻印,3200,True
HHKB Type-s 日本語配列,15999,True
HHKB Professional2 墨 英語配列 PD-KB400B-B,18000,True
HHKBキーボードルーフ （スモーク）,3800,True
HHKB Professional HYBRID Type-S 日本語配列 墨,38000,True
【中古・変色あり】HHKB Pro2 白 英語配列,10000,True
HHKB　Professional JP Type-S,17000,True
【中古】PFU HHKB Professional JP Type-S,15200,True
【改造品】PFU HHKB Professional BT US配列 黒 無刻印,15500,True
HHKB★静音化済み★Bluetooth炭 ※パームレストは付属しません,20500,True
HHKB Professional 2 Type-S 英語キーボード,16200,True
HHKB Professional JP Type-S 白,18000,True
【本体ほぼ新品】PFU HHKB Professional2 Type-S,25000,True
状態良好 HHKB Professional 2 英語配列 無刻印 墨,16000,True
【未使用新品】HHKB pro2 Type-S US 白【おまけつき】,26000,True
HHKB Professional2 PD-KB400WN,15800,True
HHKB Pro JP 日本語配列 墨 静音化品 L字変換 ケーブル付,13500,True
【新品】HHKBキーボードルーフ（クリア）,4300,True
HHKB Professional JP Type-S,19800,True
HHKB Happy Hacking Keyboard Type-s 無刻印 白,13800,True
HHKB Type-S 日本語配列,16000,True
hhkb type-s 英語配列,16900,True
【ジャンク品】PFU HHKB Professional2 US配列 無刻印,8888,True
HHKB Professional 2 墨／無刻印,12900,True
【静音化済み】HHKB BT JIS 墨,23000,True
HHKB PRO2 type-S 白　PFU Limited 英字　ほぼ新品,18000,True
HHKB Professional Type-S 白/無刻印,17000,True
【新品】HHKBキーボードルーフ （クリア）,4200,True
HHKB Professional2 type-s日本語配列　と　キーボードの蓋,17000,True
HHKB　Pro2 Type-S 　US配列,17000,True
HHKB キーボードルーフ Professional用 クリアー,4000,True
HHKB type-s 白 無刻印 吸振マッド付き,16500,True
HHKB Professional JP Type-S 日本語/白,16000,True
【美品】HHKB pro2 type-s US 白 おまけ付き,18000,True
HHKB Professional BT 英字キーボード 2016年製,11111,True
HHKB Professional 2 Type-S 英字,14000,True
HHKB Professional HYBRID Type-S 英語配列 墨,33000,True
HHKB type-s 吸振マット付　無刻印キャップ付,18500,True
【送料込】Happy Hacking Keyboard Type-S 白 無刻印,10000,True
HHKB Professional2 Type-S 英語配列/白,16700,True
PFU HHKB Professional Type-S 日本語配列モデル,21000,True
【kikiperさん】HHKB Professional2 Type-S 白（英,22500,True
HHKB Bluetooth 無刻印 墨（英語配列）吸振マットHG・電池付き,21000,True
HHKB Professional2 Type-S 白（英語配列）,17000,True
hhkb type-s 静音化Oリング　100個入りラテックス ゴムリング,550,True
HHKB HYBRID Type-S 日本語配列／墨,31000,True
hhkb type-s化　静音化Oリング100個入りラテックス　ゴムリング,550,True
HHKB Professional HYBRID TYPE-S 日本語配列/墨,33000,True
HHKB キーボードルーフ Professional用 クリアー,3999,True
PFU HHKB Professional2 Type-S US配列,19800,True
値下げ hhkb bt 静穏化済 無刻印 白 英字配列 USキーボード,18000,True
HHKB Happy Hacking Keyboard type-s US配列,16000,True
REALFORCE R2 テンキーレス 日本語配列 ブラック,18000,True
HHKB Professional 2 Type-S キーボード　ケーブルつき,16000,True
Happy Hacking Keyboard pro type-s 英語配列,18000,True
HHKB Professional 2 静音化済み,8888,True
PFU HHKB PD-KB420W,10000,True
HHKB Professional2 Type-S 白/無刻印 (英語配列),18000,True
HHKB Professional BT 英語配列 墨 (静音化済み),14000,True
HHKB HYBRID TYPE-S 英字配列 + キーボードルーフ（クリアー）,35200,True
HHKB Professional 2 Type-S,19800,True
オハナ様専用【キーボード】HHKB Type-S JP,19000,True
HHKB Professional2 Type-S 英語配列/白,17500,True
HHKB Professional JP type-s 日本語配列 静音モデル,16000,True
HHKB Professional HYBRID Type-S日本語配列ルーフ付,33000,True
HHKB Professional2 英語配列 墨 刻印あり,16000,True
HHKB PD-KB400WNS,15300,True
PFU HHKB Professional2 Type-S,26300,False
Happy Hacking Keyboard Pro2 Type-S,18000,True
hhkb professional2 type-s 白 us配列,23500,True
HHKB 静音化用Oリング　100個入り　Type-S化,500,True
REALFORCE R2 PFU Limited Edition US配列,24000,True
【美品】HappyHackingKeyboard Professional JP,19000,True
キーボード（白 PD-KB420WS）とハードケースセット,20000,True
HHKB type s,19800,True
HHKB Profesional 2 / type-s 白,18000,True
HHKB Pro2 Type-s US配列 無刻印,24000,True
HHKB type-s 無接点キーボード,15000,True
PFU HHKB Professional JP Type-S 日本語配列,14000,True
PFU HHKB Professional type-s 日本語配列,15000,True
HHKB Professional Type-S 日本語配列,17000,True
PFU HHKB Professional type-s 日本語配列,17000,True
Ami様専用 HHKB 英語配列,15000,True
[新品同様]PFU製　HHKB Type-S 英字配列白,29500,True
HHKB Professional JP Type-S 白（箱，取説なし）,17000,True
HHKB Professional JP Type-S PFU,23000,True
HHKB Profesional 2 Type-S,18000,True
HHKB Professional JP Type-S 白（日本語配列,6500,True
Hacking Keyboard Professional墨無刻印キートップ,3100,True
PFU HHKB Professional2,30500,True
HHKB Professional2 typeーS 白（中古）,15000,True
HHKB Professional JP 日本語配列 color :墨,13800,True
Happy Hacking Keyboard Pro US Type-S,13666,True
HHKB type-s professional JP キーボード,22500,True
静音仕様 HHKB Professional 2 キーボード,19800,True
PFU Fujitsu ー HHKB ハードケース,2900,True
HHKB Professional JP Type-S,21000,True
Happy hacking keyboard pro2 JIS配列 静音化済み,14800,True
PFU HHKB Professional Type-S JP,18200,True
PFU カラーキートップセット（HHKB Professionalシリーズ専用）,1490,True
HHKB Professional BT(白、英字配列、刻印有り),20000,True
キーボード,15000,True
Happy hacking keyboard pro2 US配列 静音化済み,15000,True
HHKB type-s 日本語入力,22000,True
HHKB type-s US配列,22000,True
HHKB BT 白キーボード,23000,True
hhkb bt,27000,True
【おまけ付】HHKB Pro2 US配列 墨,14000,True
HHKB Pro2 Type-S,17999,True
HHKB 交換用キートップ 無刻印 PD-KB400KTWN バラ売り,720,True
HHKB Type-S,23000,True
HHKB Professional JP Type-S,24000,True
HHKB Professional2 Type-s 無刻印 US配列,11700,True
HHKB professional2 type-s +オプション品,23000,True
PFU HHKB Professional2 Type-S,17000,True
REALFORCE R2 PFU Limited Edition US配列,28000,False
HHKB Professional2 Type-S US配列 無刻印,16000,True
PFU HHKB Professional JP Type-S,18800,True
HHKB Professional2 Type-S 白 吸振マットHGつき,21000,True
HHKB Type-S 日本語配列,20000,True
HHKB Professional JP Type-S 白（日本語配列）,23000,True
HHKB 日本語配列 キートップセット白 PD-KB420KTW,3500,True
HHKB type-s 日本語配列 静音タイプ,23500,True
【新品未開封】HHKB Professional2 Type-S 無刻印,25000,True
HHKB Professional2 Type-S 英語配列 無刻印 白,26000,True
HHKB type-s 白 US配列 墨キートップ 天然石パームレスト セット,22500,True
HHKB Type-S キーボード 白,25000,False
